1,0.029506,0.030867,0.030282,413.61,523.4,522.4,421.13,1,1,1,1,1,2.7888845133611,1.41721009953674,3.86859949571941,3.64029215227274,1.61555696439778,1.69495809375973,2.80844503776115,3.86122706469164,1.22838519967477,0.571958758160731,0.534124802866189,2.05127127184894,2.67697769438275,3.92993429208226,2.19449577901914,0.63235187962691,1.0343004880014,0.569494064153432,3.17347335882252,1.33618488159794,3.03641376906748,1.83681674215704,1.03450924115884,2.01076090539973,3.53536490190341,1.50553952694176,1.12180670697561,2.22624688124421,3.58338660460637,1.89771017568463,1.5981609774639,1.5756214255728,2.78835563723398,1.80888945534434,1.38877031759435,2.88516031591728,210
1,0.021482,0.022137,0.025476,248.09,399.84,374.28,458.35,1,1,1,1,1,2.98536461351523,2.05015184922343,1.89015869482903,3.29857298577388,2.82958553384536,2.78305947715545,3.9323887085929,3.93742361799254,1.7287174683589,2.17447666174962,3.47018816829254,2.86585354078386,3.57850460709654,3.68992900246721,3.44402158956552,1.60856205197909,1.26798744038164,3.76699980756006,2.92858129824863,3.05603340007256,3.5128469117519,1.51641038162432,1.47596973277749,1.75747101360709,2.59444853839746,2.11661485159661,1.79227739672812,3.24760512172213,2.74474455277936,1.647546955496,1.5933680105293,2.62503259881464,1.28104942225792,1.07481712798588,3.46995988258904,0.733343362804002,109.666666666667
1,0.017574,0.016124,0.015376,241.46,346.02,365.65,339.87,1,1,1,1,1,1.69735759767157,2.62468700346051,2.37208840058804,1.94126803171623,0.85698260366115,1.00895087136665,2.74926321201152,1.63746146853885,3.3802088316294,3.5548264407625,1.20178230709981,3.99540953995738,3.45603534976299,3.677677301648,0.843637120129201,3.18181394066809,3.87875290014636,3.94514390092655,3.86048726191082,1.14946205045933,3.82332723176325,1.42360430015819,1.05213077568049,2.17442506736109,1.5478787423047,3.86029649635211,3.70085432500282,3.53662775644565,0.98596398467087,1.49486407763606,2.14029967429155,0.789637571214022,1.09573977686351,2.29889615558812,1.48319405634577,0.792444923909149,101
1,0.016682,0.016798,0.013015,217.83,344.24,384.79,488.65,1,1,1,1,1,1.74931209878977,1.16397876304034,1.78959854874935,2.33736834115307,3.61448286586887,3.26814902780327,1.44273925917623,1.92234334733908,3.94244375011876,2.57450239883495,2.49737934678887,1.93498136663467,2.59739836459267,2.16610650729969,3.39351619525623,1.85619772482627,3.04307456466041,3.64941483794774,3.80235559838899,1.27158874277632,3.634121982171,2.67779590115599,2.08548181694443,1.31470671957618,3.74633736852189,3.01479220911517,2.76027346246279,1.00616851129207,3.17553561824619,1.3647466084368,1.73310126680262,1.30323380428159,2.06450008803791,2.59464453205204,3.9166115853967,2.85679716410876,47.6
1,0.018345,0.018205,0.018166,217.02,253.49,294.36,302.14,1,1,1,1,1,3.41383726645246,3.29756094630648,3.70783692489119,3.41347164812182,1.84037688443393,2.52135808272855,2.55813444564801,2.7588083233918,0.636560727387331,2.42469347806111,2.13585420551027,1.37097581701515,0.629906967319632,2.99321642335327,2.60938352720353,3.68146431779078,3.4207843156213,2.12505038656559,2.03541875947078,2.31760788563033,1.9571251612858,2.82870722267681,3.0401149082408,2.81801443942454,1.27748634780668,0.50605322960771,0.594678177139583,0.845632754866832,0.653745108772405,1.56924209236461,1.44314301143202,1.54996959668147,1.42172059930894,2.97539781303531,1.24285694862755,3.59384562934471,31
1,0.015014,0.016003,0.018063,227.68,322.04,391.25,459.67,1,1,1,1,1,3.61768982226942,1.55641299664348,3.9389047565256,2.26008404706909,2.31872687971164,3.78420315850476,2.40860423775728,2.83705295195691,3.77482005707375,3.80947306294164,2.02023946887202,3.40064813365689,1.12099308150079,3.49630312889266,1.25181054031534,0.8094735031231,3.42430932883831,1.94551679310336,3.92124601748809,0.721394910292994,3.70396665069904,1.17658387273148,2.53789028248765,0.527722711081518,3.51501693989327,3.55624921429692,3.97594734332135,3.43955799980411,2.64580774128631,0.620060842693466,3.5908461960746,1.27276364083961,0.671096218498493,2.42532715226051,2.8276410270192,0.54929770358043,25
1,0.017482,0.017662,0.017683,243,366.91,408.77,396.79,1,1,1,1,1,2.8765206933918,3.82193375656939,3.4693430255818,3.38110487130829,3.16127724089614,3.75979094972233,3.4648722831181,1.1554699210417,2.9129635516903,0.757867685403624,1.36263392313662,3.64075151568708,3.64899184857157,2.51274658648911,2.17756178502975,2.03504908960001,1.09657137643358,0.94044752098825,3.44379149322915,1.03510123582981,2.52100358578428,2.63818291548466,2.62930905497192,3.82796925432921,1.16066362148419,3.66265388152761,1.62991427435636,1.49484257868849,2.71942498099588,0.987831305103934,3.68506417164741,3.70520168308559,2.05504526083056,1.10572674461847,2.34856275091552,3.37298701732017,17
1,0.020614,0.021458,0.020283,281.54,410.32,445.94,512.75,1,1,1,1,1,1.29098414704971,0.924962866917656,3.27452732774135,0.695897045973474,1.88115413934923,2.11551644519251,0.616174611221896,3.95605691369516,1.81864246796279,3.97109453215617,3.41343923566688,3.37766506693954,2.11949312111973,3.49818647175573,3.78666917308669,2.43049119529806,3.26098524832909,3.4774964968919,3.28482717215424,0.566857482900077,1.2816894832735,3.57408884137667,1.32413476391498,0.687260139301912,3.29058931250729,3.98082688289662,2.03610411544994,3.83434180226197,1.54784935505771,1.65114800203632,2.64001376672404,3.13725555987783,3.37120072897324,1.54944047769574,2.25283102822516,1.92680084074404,107
1,0.020504,0.020047,0.019444,223.57,334.33,350.89,442.59,1,1,1,1,1,2.33097266057321,3.61251016770802,1.7324780928978,2.58728991984808,3.9660887495096,3.91440861298894,3.97204395425835,1.6281017331635,3.49558063256003,3.72671626659812,2.53010303173052,2.00392399589511,0.845456432375396,2.97192798788476,3.65513813018711,1.85155619664259,2.53021408436506,1.90409490798861,3.76535980309096,0.58613014433262,1.23953872962013,0.503968571237726,2.04022104415899,3.87232353155486,1.30223967008537,2.16405721013937,3.41944599837725,1.29345118046292,2.38943577453197,2.77252466994529,1.40549084188549,1.05817305264982,2.81430166191439,0.694292068872564,1.58085114223597,1.04415680571838,75
1,0.014133,0.015167,0.014939,165.65,239.59,288.43,369.45,1,1,1,1,1,1.35810538932455,1.3344805651066,1.39955596704974,1.15907664104334,2.42561309885163,1.10474816578982,3.77055829408363,2.27227253625686,2.56554986229547,3.1031293815373,1.1004575367167,1.78891960395745,2.78362024787732,1.206091091635,3.30451740758585,2.45037044004278,1.39855324298838,0.517806435182148,2.13643556113818,2.74454533675448,2.23450126637246,0.893429834727864,1.55718018090075,3.24149940259692,1.73814956340352,2.70275985088573,2.29877854337711,3.9312591233282,1.4219450218265,1.39437124747818,2.20943508776088,2.818947087036,1.494277769986,1.64684090295899,1.97838804143359,2.54712444187414,82
1,0.01512,0.01526,0.014625,190.46,367.05,428.21,535.82,1,1,1,1,1,1.51240170979789,1.64066853635109,3.53779369852633,1.52218876562049,2.86435837921145,2.97306126372422,3.934932882364,1.02899838593071,2.0984104827918,3.05472237652892,1.48551125065103,1.0580560683673,1.2442421021311,1.23192657900376,1.96453261751371,0.88397713070311,1.55974203124406,3.74369147576104,3.47142255038742,3.07236810136292,1.4025883344417,1.94986544307269,3.30652000930827,0.621256370335065,0.533372495302173,0.631739649452969,1.26980240052257,1.74755917438249,1.69112455092604,3.15815727954492,3.18647433001469,2.97257168431886,2.90719855378802,3.69983659929461,0.78760165891515,1.53508112621777,27
1,0.022701,0.023547,0.020566,223.22,297.37,369.03,456.77,1,1,1,1,1,2.77652032043987,2.12411636651672,2.1511922835641,3.55340349528312,1.63111312235448,0.683457857279205,1.5790765072508,3.39361484946587,3.50170093753099,1.48742391687205,0.580884851027156,2.24753517618264,1.83165865314943,2.86305220994854,1.42231388082256,2.20938413420674,1.32186710255635,2.20445187462052,2.95521610961829,3.97493621316417,1.6908303734869,3.63635201044843,1.6187111701053,1.48717865804662,0.594084869749958,2.82875571220773,0.515490397333072,2.57247697313718,3.3066624532109,1.06914510593568,0.75905114785609,0.736627889279231,1.03462927230723,2.12408431134411,1.96059160370213,3.6997966693329,188.316666666667
1,0.016454,0.016947,0.017207,241.7,359.79,404.87,423.69,1,1,1,1,1,3.15714355889432,2.78715268899483,2.37941684178257,3.07419877913889,1.48576527911738,2.53263238217063,2.47128749955763,3.35163975936744,3.11484233291705,0.784088578126378,2.84060758923779,3.13557270915177,3.2432601047004,1.07221680544828,1.03828264348451,1.11041169078902,0.776802959515332,1.52379663490622,2.407341614388,3.72220125159067,3.1373412510568,1.04096558704607,2.41702123854533,1.27702621372631,0.899231645908455,2.10746901373215,2.50095779492857,2.384216522505,2.34615135582669,2.64815656942466,2.01525539404779,3.14258220711064,0.80507796161534,1.38600651246236,1.95522978927074,3.81881650753885,15
1,0.02916,0.028328,0.02493,284.43,444.36,456.44,570.25,1,1,1,1,1,1.15798557952413,1.36380136796623,1.91681385294011,0.911345920765713,0.528465681965171,1.48062502471649,1.51047693741705,1.51954723598291,0.718085643516421,0.707937211207233,2.98289138367632,1.31655942324142,2.05812062911953,2.92638694370419,2.22803689526555,3.93260591951633,3.94757396154979,2.87878593024576,1.87803703253653,0.539847627224109,3.44185285782176,3.36636825445089,2.64854260843073,3.73877785288659,2.39086450431961,0.712708804728588,3.22605764002717,3.41139623446326,1.86552527624975,2.08234771033639,1.51600363840063,3.46196593988659,2.8255399213672,3.49002634837444,3.1025565911313,0.575441120820551,201
1,0.011312,0.011635,0.012967,202.28,361.22,379.9,536.88,1,1,1,1,1,2.26455907077968,1.59905180206073,0.754185482699478,3.46506432018839,2.99561391212446,1.63864056224755,1.07065029257899,1.10896626882124,0.617680308767333,0.80018584811547,1.63516602697744,0.950984121212817,1.29722167871154,3.27578157990023,1.533648475699,1.85627919371819,0.950883098273534,3.71598994379593,3.02569219609699,2.23518160523625,2.97704657561029,1.20392357238162,2.01501846374414,0.546255637569193,1.49053490231951,2.13864827442108,2.51767999526107,1.34261372281446,0.993378667441869,2.93492428415396,1.97795641037434,0.935288559045168,2.48510319402682,1.73327444258707,3.52190246672807,1.11169332423845,65
1,0.01502,0.014609,0.012963,155.58,227.93,258.25,378.48,1,1,1,1,1,2.89913285810111,2.99339010053896,1.66795502001099,0.74392542831598,2.33854362350277,3.58059552897855,3.5760358851252,2.95279047392619,1.70633953009587,1.86943524002483,1.32269118935953,2.29922956740314,3.26134882812188,1.9261286258918,1.3070023457745,0.854242454079596,1.81616286652277,1.60586005682399,1.84767517588014,2.37590320217838,1.95308780182429,3.07764872789707,3.42883428823715,3.02003267108467,3.04771326656379,1.2718202969952,1.6305636482781,1.33861182439991,2.2013669763636,2.90712866799575,0.896336052333884,1.53250351396123,2.34761670505568,1.58425805639515,1.12501105211028,2.83007112421866,26
1,0.013104,0.012964,0.011297,190.94,273.91,319.15,497.23,1,1,1,1,1,1.18344179430025,3.02366440363259,0.721419481764401,3.08320469768578,3.36213839612624,1.8969880825338,3.3161263249974,3.57660565945746,3.92513082674843,1.62194961853429,1.4579462449626,2.11994873678208,3.12983473058206,1.74320739187781,3.84631825706723,1.77940029246531,1.58131299434386,2.15231283697955,3.54530396140836,3.24513047028469,0.960386337412173,0.968143460360942,0.652553958826005,2.8243813580557,1.80003513354493,0.934570565901754,1.24625552473097,3.05218758387339,2.2065981570099,1.28186569950781,3.67583288804654,1.91653379189113,2.85923014868392,1.7285102600589,3.08814176468376,3.7638433852713,72
1,0.017196,0.017139,0.01627,259.41,385.73,406.47,365.96,1,1,1,1,1,0.669066890868366,3.07681667151881,3.53148840306309,1.14820162373734,1.76418637260008,1.8874147742841,3.10987897010761,0.753308280873688,0.970993288089883,2.48668329494998,3.64104789886082,3.28978371832379,1.56897955400721,3.1058055476088,1.64446693512668,2.12992272841155,2.55959567217384,1.10606842756035,1.87552115091844,1.0118513205853,0.517020433939438,1.43121282344698,3.33758393678371,3.62582969319966,1.53135300390519,2.65974527224473,2.44188036573298,2.51098100590521,1.17967289975048,2.98874248983693,2.92155505053241,3.47447356796101,3.73421167394753,1.55687961558036,2.80247709240882,0.557211712765959,87
1,0.012214,0.012228,0.010884,149.5,251.08,264.36,430.71,1,1,1,1,1,2.86561350707054,0.806505290444178,2.44159540727578,1.64407055943473,2.2832840290102,1.55491565075748,2.18877562173523,0.714424274679932,3.87052689893071,2.83464549382895,3.751452698065,2.15381603949471,3.22691775879174,1.12337193160413,1.04069556143969,1.35682396668223,2.14758615170055,3.47314398038511,0.516959470141911,2.31993886096849,0.522581238700467,2.66096616714353,3.20142492093781,2.05175278676027,2.90732650197214,3.30312876821271,0.914299902246538,2.80037258072087,1.91432021141577,2.40505442724591,1.48337691768737,3.01092528819023,0.911364371953912,1.18076404914483,3.71971780188207,1.3957632498484,23
1,0.019165,0.019007,0.01639,283.57,372.76,440.14,533.51,1,1,1,1,1,1.60528027982594,2.29332638907497,3.41362685020531,1.51990639548875,3.69723822419488,3.64247215072662,2.49883084309628,2.56119032956773,2.09919427872668,0.85779280406072,3.96266267130557,2.97126704844125,2.96502672733175,3.18700207742802,3.78460302366848,1.99250907486041,3.49918575884845,1.8266080543088,3.16530505856313,3.4855840930284,3.53030865975202,3.36100735829038,0.57998629218174,1.33585416279811,1.93791949341527,0.926378831708456,1.29751996486505,1.56732224771524,2.21225208327784,1.76579376307054,2.20149020118096,2.45372528742171,3.57610612238638,3.93892871879464,0.603771885666642,1.10736735761768,30
1,0.020965,0.020056,0.016668,177.33,222.28,268.01,267.27,1,1,1,1,1,2.70674758734673,2.159680765202,3.1381470695169,2.59253116631188,2.7427396401369,2.2254092682374,1.10736175880895,1.56112576772223,0.739214293328018,2.42680893495657,3.72465697228919,1.81076097157028,1.28981389281935,0.571425126436543,1.91537074418541,1.58437143378748,0.61660821118076,2.40210004120682,2.38468505211379,1.59148456839847,3.17521093432155,0.603079107082993,1.09700317255943,1.42777541522086,3.10495265536973,3.48825214243889,1.92836318107766,3.59148629389231,2.90951467433868,2.33747378597388,0.557726199256143,1.40103681536632,2.51438346712946,2.50389552980754,1.36756607671861,1.17826934323298,20.6666666666667
1,0.01794,0.01783,0.015567,277.35,499.33,519.17,602.32,1,1,1,1,1,1.93522214467816,1.96241159857675,0.553965219982936,1.01001675577399,1.19422353193566,1.36670977246984,1.33810977552302,0.801832697860412,1.52016261972745,1.1811860319478,1.30921309842527,1.24698631720769,3.79109479996381,3.99127302052734,0.639899699501444,1.75699394171087,0.503897500427988,3.73067601252997,2.177088839102,3.97848978650139,0.774192970123802,0.986469619366783,2.92717932552719,2.55075628615198,1.30168579934393,3.05878545983764,1.33100414657392,0.721217884561391,2.43176915150669,1.08741858448412,2.02882304555274,3.54175166362401,2.6062913604913,2.17318506478774,3.98714362149874,3.73303431644059,169
1,0.01364,0.0135,0.011069,142.07,207.74,201.42,275.07,1,1,1,1,1,3.18209971324072,1.32383483720331,0.695572516496541,3.45505386617643,3.4813522761742,2.68031777114747,1.7116682094407,1.53245117870196,2.03786485317251,1.80245308620327,2.86516574370581,1.99895466690085,2.75181452192164,2.75803001510119,2.04136757621631,3.45769716954426,0.536208358589259,3.06795615216789,2.93390815184128,2.53579062433071,1.9518010046059,3.83304226762115,3.35977997498878,3.2149086072822,3.23391706773664,1.39601829516545,3.80270160637368,3.16040687343649,2.27720301669291,1.46199452698935,3.75398781109581,3.54150005290533,1.69809821162484,0.741064073837525,1.38027912828056,2.77623281154644,71
1,0.017332,0.016795,0.01579,193.1,295.93,324.5,358.98,1,1,1,1,1,1.97344992788771,1.2982526764414,3.99326924950813,2.51331566620916,2.06173257457594,1.94768068075938,3.71185051249731,2.64270476129308,3.42616803754338,1.3268251117227,3.49537995359951,2.278209450881,2.54336399195026,0.973060894606743,2.71759674490605,1.93161892960757,3.81371319592643,0.961292982295177,3.86927046391993,2.07715393542934,0.625325821992461,3.17984559998714,1.50913184595628,1.43383813990505,3.21704826405196,3.9494088767724,0.588903957563472,1.50235536006285,3.97024793483281,2.6097814117684,2.10652364883251,1.75122404623444,2.44039394499383,1.7496263390853,3.64470665148635,2.48293455681136,30
2,0.024423,0.025723,0.020976,222.02,318.35,325.6,345.58,1,1,1,1,1,3.71439271290493,3.67978589253065,3.82666620257101,1.33431947507729,1.89001776942542,1.72394202188943,0.594576328589563,3.66973680289192,2.28597350463326,1.83992069466027,0.630567254631708,1.31194477681912,0.553989696525352,1.30690940093002,3.01688941790998,3.87478617851443,2.89803222538013,2.09502200279941,1.90091127861679,3.98841709769422,1.29947693658948,3.18836806099036,3.47316232819297,2.17797727690241,1.11875329390484,3.50492202363425,3.76955709410694,0.827006087900038,1.00240305634829,3.80244346823161,2.35154831898765,0.677072938046916,2.20632001510058,1.4862277190556,3.81133665256808,3.87266585745284,161
2,0.016816,0.017562,0.015491,278.5,367.46,372.07,492.88,1,1,1,1,1,3.66600921504313,0.707655620157437,1.74008748081524,2.40263570913603,2.72494103849415,1.07263107289303,1.01082383351436,3.64450533449217,1.01155143921462,2.64818637881269,1.6653282312451,1.96070726141768,1.32191024087107,1.79227637444496,2.50846021737294,1.04588837194861,1.53407715055042,1.47604047522282,3.07572254713786,3.53389040446232,1.88776471448189,3.91500170245423,1.39226177752709,0.883587847439633,3.18966409833405,3.79437681789392,3.82908480699037,3.42548311812433,1.98354727408849,1.61020971725868,2.04731277926729,3.60754886928878,3.80148110840194,1.56242061148741,1.88862433728491,0.801071901056697,113.5
2,0.018548,0.017547,0.017634,208.83,406.86,493.49,600.19,1,1,1,1,1,1.32853633613482,2.47519399056602,1.56696067475368,3.75219461526952,3.81673811784319,0.585396692571921,1.24201148605766,2.23196435505823,2.25949505298906,3.90586696301014,1.08942461710035,1.2645284087275,1.44905370342124,1.88217999079371,0.504065010710156,2.41018252928859,1.90292154225147,1.80984422403388,0.623855863006151,2.10967992286161,2.39292504081476,3.47952311057176,0.623561777957192,1.61841584486552,3.78979998257555,3.39476059970427,3.73071675842621,2.31880571106334,2.15300550965162,3.64306189629625,2.57929304851365,2.47929926962736,1.92637452474405,2.45854020697143,3.77384560663934,0.646187687703861,158
2,0.021302,0.020827,0.018547,234.34,363.24,336.31,330.21,1,1,1,1,1,1.29355305578472,2.40982076570149,0.656191514761836,2.48721267951364,1.24890316491072,1.3251383237793,1.95495946820579,1.70135791846781,2.40484522966825,2.06274213348494,3.623265547045,2.24490289671552,2.45563386719528,2.84916334017845,2.37707905937413,1.81184567992504,1.02582685275571,0.893843560164563,3.71501279196725,1.77855273851735,1.87103079538751,0.634057370499756,1.60662039060691,1.55743214709579,2.62454504931356,1.94323025902088,2.38277550320022,3.48186244245097,1.33820599956226,2.23234828669832,2.3327814417358,1.28496462063482,2.77953377177309,2.42911163760062,2.94284566490171,1.811607357066,175
2,0.018435,0.018548,0.018448,293.73,320.16,355.56,414.02,1,1,1,1,1,1.26834972695801,2.12041125419644,2.00270354008038,2.29754987330586,3.00791733788171,3.00623850257264,3.23550198820447,3.41843607977878,1.84316768204131,3.84167067008727,3.58376288663566,2.0262977617224,2.40135950523137,2.16432641611839,3.70757452706489,2.52962381050097,1.70977825213165,0.729168070906258,0.567115638329091,3.42025604073345,3.58231186316028,1.92129103948914,0.824553127042205,3.28425368739818,2.14847926009931,0.975311589821774,1.54897469124234,1.1253735284592,1.86750801979895,0.940987534228069,2.16790322497157,0.913601031421636,2.39256560232332,2.14478286255309,0.648536151507183,1.35507341324106,75
2,0.017495,0.018472,0.015523,201.43,250.68,269.91,342.56,1,1,1,1,1,2.6416659457296,1.06495930449353,2.77669349401275,2.94991578475303,0.692995156856277,3.87353568942128,2.2428950546154,2.16409958352739,3.84329406035207,3.55358697260129,1.9679135959896,1.16863655506165,2.02563657208974,2.86694071477695,1.99385641325248,2.15714204389215,3.29299110264819,1.14875748681262,2.53615199606377,0.789606615295695,0.92466629892664,1.4637648051827,0.771150146693345,1.71357248237236,1.0913434329993,3.8306235506686,3.36946948844746,3.74449076278484,2.13519866155606,3.46368924837173,1.71301669411981,2.75502314494151,1.9996115444043,1.22496036971437,3.23036601713131,3.31428682738617,3
2,0.014706,0.013827,0.012149,177.64,263.47,295.74,320.79,1,1,1,1,1,2.90772950965727,3.01173046832384,2.88806360205747,3.19203955700726,0.916767850757561,3.92968571269938,1.55348307112147,3.20510536748597,3.02243192711486,3.848108068817,2.80556514022905,0.971434574281529,0.569188502320679,0.846992569401048,2.78062029770444,0.616636915515316,1.78242177908951,2.47100119582426,2.16168179909197,3.1803372992505,3.66025421546365,1.74496582706494,3.51221504484796,0.967967705048244,1.31618293339539,2.66300867267896,1.6870738710018,3.33142076724939,1.14430918455607,1.28354466303637,2.90417057951073,3.2746200961783,1.29946859987299,3.61900820126766,3.04911788531864,1.02772249402939,18
2,0.019523,0.020065,0.017902,323.99,447.8,548.78,463.16,1,1,1,1,1,0.82029291563808,3.89696672203933,3.07234269169432,2.83542965210354,3.31693223623394,2.13582527495587,3.92558672890772,1.44483568646103,2.65534628930599,2.45314715870299,2.23485760376365,2.53389908728747,1.72894885411095,1.55328000181851,3.18553149326972,2.60279181903121,2.86800093532098,0.621416183179654,0.887279598287648,0.801168783570021,3.52758108079963,0.816813790190319,0.544421707766636,3.88541548477215,1.46692259533086,0.522306551158049,0.663537987114384,1.91578053044245,3.4229705851063,1.27160579117669,3.99817401209695,2.99713298831772,2.13919997270876,1.48183984613235,2.19905464254078,1.62887650490136,94
2,0.024392,0.023879,0.026124,324.69,485.11,470.21,523.35,1,1,1,1,1,2.67481255610209,0.527088075680556,0.773951845600928,2.34411918086011,0.624180584407335,2.92655879366791,3.00717245015298,2.67431588315776,2.5168912511637,1.18477762243683,0.949941423507872,2.61981782396851,2.18709611118766,2.18545699549834,2.7225281872096,2.01491506557197,3.89673238643392,2.01500228515951,3.81165999741408,1.09530676952138,0.685224491330831,2.9869349512578,3.08901032480041,2.03325561408843,2.83175348838167,0.524669692167547,1.38152732145232,0.990101049042282,2.01061467546288,0.956493900889883,3.37641314741241,3.99914386764384,1.2441501703175,2.39417990236202,0.945436440145503,1.11567460250372,191
2,0.016798,0.016812,0.016268,231.63,339.35,424.03,389.7,1,1,1,1,1,0.535704796664616,1.52171015100495,0.963444560518647,0.65388395945648,2.14344265408551,1.17484378681053,3.53614997790952,0.671867197198685,2.12763385637354,3.74732569681531,2.73192984213794,1.58903319156481,3.01794340089814,2.72030304544809,0.604693705505734,2.37424217574756,2.60326558834876,0.927953375625202,2.91835957995606,2.86542150005888,1.87586885103919,1.02885720788332,0.944765206283972,3.69523582772551,2.86604590882615,3.68458956791117,0.665202742382373,0.609192519440429,2.70580395507925,2.78286979972425,2.37671779654226,0.85684161406528,3.48719801174987,3.63181612630384,2.39574785620594,2.86915598946809,140
2,0.034599,0.034288,0.025101,276.03,328.38,387.07,375.47,1,1,1,1,1,3.32663782993768,1.14651549250695,1.84313208433354,1.52512461094604,3.94416639669814,1.21728897298775,2.18768048862012,0.894215789070748,3.88255692338347,2.20673562304949,2.93228936407493,3.85301134168941,3.90466691915375,1.37075881840254,3.64391136964779,2.29313243193302,3.02390966088221,3.65385219234286,1.56436321038026,1.59445570893166,2.02046352533758,2.18548248509454,3.84958539544391,2.31662034847525,1.71530943914173,0.937426885638513,2.11314422137014,1.65182108691334,1.8172613350515,3.61309231207588,0.711070248647625,2.57495223258824,1.26708201909933,2.65293923552672,1.45194748433259,3.72990117659032,236
2,0.025428,0.025698,0.025732,316.61,486.66,581.9,549.04,1,1,1,1,1,0.611758556530845,0.874633524848639,3.21108897805142,0.716657315093423,2.93637460431648,1.55504682528976,3.43029634757298,2.65059807447364,0.776962270865934,2.83738034428293,3.99078995245427,1.00178039341501,1.48764959212113,0.912599732466908,1.38032945866539,3.57430127526784,0.808522872415987,3.52361724016772,2.24224183288076,2.47952072569859,1.57595042319483,1.34210860980472,3.54018616525365,1.91020465949304,2.20880401807374,0.597883233032366,0.568601274493429,2.47189269897939,3.54956001698496,2.62960104996229,3.6161685714048,2.95132963896259,2.64749838471076,3.08764429756211,2.53305716885951,2.33930218749088,188
2,0.02814,0.029383,0.023869,238.18,365.39,399.03,463.78,1,1,1,1,1,0.686519222836217,1.15448112876111,2.4286820303,2.1897405365065,1.65134473156356,1.95363906398914,1.65626612287921,2.63472057428499,3.2734646434607,2.54451983339743,1.45459985615991,2.23668630073178,2.55831272391971,2.1095915521012,2.13858014501099,3.21742475446107,1.54152274839814,1.21474765672404,3.20167478744172,3.98082994798128,3.22829820179121,2.71361221810559,3.85459421120522,1.89026016538259,2.26944629868874,1.49686962602322,3.58578762980695,3.28265733764907,3.2369122644112,2.20946972639438,0.993650199991267,2.76922159591737,1.78753496154347,2.66944926744514,1.85493386771747,2.47288978752862,183.5
2,0.020092,0.018519,0.018452,282.3,435.86,469,462.97,1,1,1,1,1,1.32583113666642,3.88355414989066,3.80395472907906,2.16195404255985,0.708929651657641,1.05511876003256,3.87587927930769,0.935210182698248,1.57542062965671,1.56587444734914,3.69221537782446,3.42923281010313,0.662254018324484,2.02920681669039,1.08935850285105,2.63380582209731,1.26759908459113,2.42989980222868,2.8039806910667,1.00480621144965,2.19557114769837,2.7046040412561,3.41294909518076,2.51317895631217,3.38788733129812,1.61570099301457,1.53640276849513,1.18752743412157,3.33207939766808,0.65926660052509,3.66217287986706,0.59397925621367,1.1611099849531,3.51751471720381,3.7399843752415,2.6514647144782,132
2,0.020539,0.020682,0.019624,345.74,503.36,458.95,497.04,1,1,1,1,1,0.56081727331179,3.90605659810439,3.43346096789606,3.24086040672289,2.11445470923669,3.88834113906223,3.848653393075,0.902481829218887,3.71024328028605,0.666772573438543,2.85584875344779,0.578653354109949,1.51151800921936,1.91288845797948,2.75757208941993,3.11392063423555,0.519703152266797,3.52290791943965,2.0308893740926,1.20419662066858,0.538577783840737,2.68333309885673,3.96642551363232,2.40206428015302,1.82352220602838,1.05430085218282,2.90192863096739,2.2135409825493,0.711060820887789,1.13347119819116,0.639235490460608,2.31210858761181,2.3331042810097,3.29848728130417,3.70096446968905,3.77864779142176,114.8
2,0.0083798,0.0086667,0.011443,177.88,305.48,333.96,354.37,1,1,1,1,1,1.9371688362684,2.31654440012683,0.643599883653061,1.11999893371776,1.11529680817432,3.30505377569189,1.99952944182454,3.57004666406754,2.2759732523119,1.78887919251752,3.35966012465968,0.801305733032776,1.64724170223674,3.80548392288344,2.16954246361668,0.939792441590001,3.27828063157614,0.620075438506037,0.560665225400765,2.9792109036061,3.42718556179905,2.71395860255177,3.78838896386388,3.22429880073949,2.66507834438231,2.86599483614751,3.37097406270962,0.723722085838173,1.49108424283814,0.95017308801525,2.8214529086942,0.982618558585517,1.68867535823426,2.33595449176869,1.63645013087202,3.95930003161545,60
2,0.018343,0.018177,0.016825,249.53,340.14,315.32,341.51,1,1,1,1,1,3.66617191696637,1.67494425191538,0.539902869540243,1.66813402464426,3.04032430093846,3.22788669850953,2.58220918097443,3.83127457966954,3.01288138457642,2.82990819497622,1.55058251720509,1.60191621296694,3.65156029341358,1.80011430813336,1.7432968334844,3.79458485417673,1.30295594852648,0.770126077770001,3.38623905831513,3.29611216360931,3.012638975963,1.97442470472705,1.88565814461592,2.00237431822155,2.02379001898639,1.6470802588035,2.97678766729334,2.21684974045961,0.688730645396112,2.03989375654143,1.3687179729622,2.84895479463482,0.622928476161029,2.21096192970459,3.46810528850021,0.517750519763362,162
2,0.020161,0.020981,0.02067,245.22,317.14,292.78,316.72,1,1,1,1,1,1.92952926084924,3.15404035726165,1.56144999488639,0.534999796303818,3.88348566890431,1.2141061551199,3.54066097591385,2.14927794713075,3.65758040319089,0.564304590925445,1.28770819334162,1.0114046944335,0.955384159974756,2.1346962162833,1.9171968380055,2.49078206272539,1.55303302875783,3.46392060811996,1.00610145008989,0.961109574070421,2.77535240946733,3.11194984112106,3.48705459723824,1.33586752137625,1.81619040125642,0.860626614385987,3.84071447251051,1.32460457737397,3.29466784603064,1.26343303469785,0.556426690346065,2.31033727379714,2.58854485977909,1.4322445958508,3.0111297972521,3.3467768506477,149
2,0.029428,0.027775,0.024078,349.16,547.41,579.3,665.02,1,1,1,1,1,1.42400702585866,2.67088614025071,3.12973667217998,2.93402854140635,3.20098981773909,3.28130619719055,0.634540027535353,1.96887527588597,0.689745910373949,2.55400578728281,2.7952462907502,1.77199078667099,1.81383260973418,1.76948327628709,3.27048090398044,3.20902181751452,1.59135417225766,0.687169732413859,1.40117877743218,2.88999981082562,3.52445359442729,0.839647180740856,1.19954725525855,1.27090589089101,2.94769797693968,1.6246513320806,2.42554080402096,0.525869212746528,0.804805294642839,3.8399735590093,1.03346226091685,0.598885723282056,3.18735331194982,1.44116654680358,3.2341163881469,2.3799085404785,186
2,0.012285,0.012363,0.011632,155.89,209.73,264.09,279.8,1,1,1,1,1,3.26256663909076,1.17333638007607,1.31349711406709,1.59377636927633,0.719869045680816,1.27592695230198,0.688053641096742,2.10472072442825,2.32449912057273,2.32060509439304,3.16007141853036,3.21309526676833,2.37305912977706,2.84382807778566,2.00834984038488,1.62276496574868,3.06668160469606,1.021952870072,1.13052578508829,3.28963032264735,3.01933096708586,2.47407065030729,2.70851218722539,0.670330858296187,0.663039410384993,3.92531212944599,2.9213287876205,1.59628605535663,3.29540222864404,1.43386897665813,2.25282972001985,0.764995681798703,1.52178374679277,1.10595311699746,0.833825632120548,2.40640143981333,47
2,0.018376,0.017598,0.01474,181.83,267.99,260.61,329.91,1,1,1,1,1,0.722577389694654,1.22153993080427,1.78056299537999,2.16200182272475,0.886811957687497,3.60918598829736,1.50169948139236,1.98283371491972,2.75108708446863,1.71492046219681,2.64121871759273,1.98330179399104,0.891138603137807,2.34255530192703,2.02525343711341,3.90939746459477,3.02971307387386,2.26917128901318,2.61440932364764,2.15349797076609,3.14871791414817,2.70889987128378,2.52742203221476,0.702587518726557,1.32717216462893,0.679867025440565,0.611073225852475,3.56216743818028,0.809143739307475,3.37405810733861,1.72023022075663,1.16198908943021,2.11626359722549,1.9650097081922,2.07560580036338,2.02631657110962,91
2,0.01892,0.018944,0.016126,199.95,263.86,306.2,281.36,1,1,1,1,1,3.86492917932272,3.91298872896456,1.17735285341168,1.52020410372107,1.63783382289486,2.19241658799297,1.37221722049468,1.31676375229725,0.896861430995325,0.778393539047972,1.41037617767168,3.43634608901805,1.02457342115522,3.96373223765718,1.59433360602495,3.7251573162225,3.91973614186301,1.94860620313935,1.86934004562416,1.07446590526026,3.5151350448814,2.39995762833894,1.16192657871167,3.56881334757128,2.9774625036791,1.77926717385385,1.24732281374968,2.26742439288615,1.66196869503391,2.56280883801344,3.63967038181474,2.67625557150962,3.54270858097448,1.72018536623412,0.793521305349355,3.9641710696124,85.5833333333333
2,0.01896,0.019527,0.01452,206.86,304.25,369.22,458.64,1,1,1,1,1,1.72898735554613,0.557459634472798,3.21165761167552,3.32652032222369,2.62793912946729,2.61331351357763,3.74514721909359,2.70509077273716,3.08986208349971,1.44707595617273,3.90474671443259,2.37831285658883,1.38490892200214,1.54121607845649,1.61461680167839,0.744605504399746,2.78750353898132,3.84450344823621,3.89330266830568,1.49951496075561,2.74410279084551,2.02927207232896,2.86074686440389,3.65903363600643,3.187094291947,3.32893732534846,1.66200643606309,1.67799674943826,3.84659883465109,2.54757774323747,1.04718138672307,3.78912821451868,1.50673289602995,2.30981373637776,2.94294171566884,0.755485181840817,85.9166666666667
2,0.023225,0.02353,0.026089,327.72,458.76,443.53,526.69,1,1,1,1,1,3.14080468220116,2.90233799742088,3.62849443856143,3.40911407864159,2.92312324206132,2.73024484068472,1.87757432193817,2.63374488471079,2.58733017049719,2.18991981077182,1.26159562162744,1.29122248659539,2.86667985534754,3.45807150424882,1.24867397666116,0.732000140855369,3.2664863581434,1.54863638317345,3.92290173339731,0.732242324794737,0.934378347488122,3.90620073293374,1.40772644106323,2.93152980131125,1.4251957340877,2.91321711134593,3.04255998373345,3.62831210225851,1.35660500798287,1.00276826161648,3.2980680149821,3.66023861258132,1.49859197862191,1.62183139014851,1.72575001783772,3.25960101277862,136.416666666667
3,0.018226,0.016395,0.014053,155.98,197.77,201.79,206.73,1,1,1,1,1,3.93719252608592,3.98221420029482,2.42605948249422,2.81653594192043,1.22364534525333,3.66476166585349,3.33963304817988,3.49379400053513,2.20927192110551,3.34976859776425,1.41580534400837,2.18338121862783,1.16881134752968,1.58014718262718,3.4835584336384,3.84163386124383,3.732414919304,2.45753679245743,1.19545985613428,3.79801130766052,3.24169062438258,3.38609113003982,2.29134877018588,3.59256177093295,3.53377451897235,2.48297867353252,0.878041413815575,3.45245817440418,2.35301355001734,1.74380591869314,2.37115210197873,1.98507064277016,1.96702238024325,2.32542133480222,3.80522531730479,3.68705682465276,3
3,0.022888,0.023903,0.0221,212.62,313.97,314.68,410.94,1,1,1,1,1,0.806387330890841,3.8649613730405,0.939758266057086,1.84062944460616,3.98902575187976,2.09372131676656,2.33504028004192,1.93986897291871,0.680532311234766,1.37640115188433,2.99053892610513,3.48937725472387,1.95678355791329,0.856257608002826,2.43050268038145,3.45905295596499,1.441420449765,3.46252716398283,0.632801256454216,3.48491948746258,3.23980354539127,2.13842987954212,3.927723092896,0.86374147847599,3.82829576648553,1.3552172759802,3.93772182955293,3.71731303704813,3.45248949030262,1.10306362275118,3.37587457532476,3.32310340311282,1.30556978394139,1.34508862299569,1.26921257348733,0.735361774336388,175
3,0.021605,0.023071,0.027492,301.58,386.95,391.2,496.44,1,1,1,1,1,0.534177274621893,2.02507815352629,3.82099530800798,3.11485537839252,2.56652284566221,2.07204573859857,1.48946169371911,3.81925467724409,3.25739086084848,3.99655678422595,3.9629021702604,3.88101093191498,1.5016984029594,2.20089288283431,2.24577064961379,2.39227055078079,3.02530684536834,3.40771902036514,1.53264995676049,1.16390078418047,0.526400588232298,0.769365239557689,2.01651327314351,3.0267857845687,2.46544904862944,0.509363048272541,3.23354752698812,2.04824073604415,1.42731523128217,2.73460159170278,2.29888903749382,1.37514252202239,3.60236893908765,2.35516916866239,2.95856630488002,0.673178784753584,151
3,0.012597,0.013243,0.012758,178.95,245.01,261.44,316.16,1,1,1,1,1,1.31057494816911,2.70337158104777,2.6228921923512,3.71061371252238,0.659268082823183,1.84479395732157,0.62429778675966,3.65940968394091,1.37791289407029,3.11731979222429,3.56302777720941,1.48351516895988,1.12900507738819,2.98584046383509,3.40494479700768,2.51858817280288,0.820543941651404,1.28242071003261,2.53379275894391,3.74777203120205,2.2493506581294,0.937294641305366,1.52686088373281,1.15668040658154,1.86069718000366,1.7635739081086,0.873622416168397,0.838377450350462,2.99894112493137,3.42128505425042,3.87245664113614,2.41600779374814,2.83495096575096,2.02677238277242,2.95541581813174,0.665310242948322,24
3,0.015498,0.016036,0.015914,213.03,361.61,412.35,492.76,1,1,1,1,1,3.54174748397731,3.28756249076232,2.26669629418533,1.92419797748856,3.15518801891331,0.555193492537625,3.18777148782397,2.77567175539534,2.86688247792289,3.12509192455245,3.31527077398325,1.46180628887292,3.51572458569559,3.28508181596097,3.26773776551716,1.92035522378151,1.30233264815122,3.2235188070947,1.12430077376013,2.55181440016273,2.07824532957644,3.1505716215311,1.86186111705685,2.64098332150364,1.56197972606624,2.52074822999827,2.66365539647999,2.5404534632775,3.3038369748358,0.632909643469417,3.91010981961919,1.03098560160886,1.89209060982636,2.26463336583368,0.938751761393617,1.90683973507933,137
3,0.016292,0.015652,0.015699,205.12,271.29,287.87,274.12,1,1,1,1,1,3.32989255630769,1.97508146831449,3.54895272608324,3.33380059122892,2.69867432592324,3.73357789808432,1.46680963686936,1.93338148217839,3.66340105367591,3.71876850736948,3.06166226679733,2.92405531836777,2.97845142840277,1.25609553689653,1.37085617289761,3.85161231704589,3.78144845210008,1.84540445987649,2.13523784879747,0.762034698279308,0.98767774312217,1.4473412442432,2.69234520619181,3.85753054474288,1.40852394683534,1.87550102965828,1.81847632615017,0.794562293226823,1.06962902378965,2.84976110556292,1.20651055907298,1.58199627856537,2.27680917455509,1.4079820050431,1.1801499203975,3.82062367822942,21
3,0.016157,0.016197,0.016346,219.12,318.26,372.59,399.4,1,1,1,1,1,0.863514776437545,3.69731496121618,2.50266802995617,1.60718297531522,2.83861457202653,3.69524472447657,2.79243345608963,0.529850438197934,2.48471091650722,1.33107044424727,1.3465488083067,1.32769518360765,2.32017416224408,3.84178279189633,2.03872618526736,2.12505119055616,3.2325531058264,1.48953787658324,3.28988434033508,2.999734690118,3.37837317619445,2.38370198902843,0.648479412700252,0.928450773571106,1.25592789609865,2.01615351157082,2.55811535747814,1.6059895017878,2.59184236183655,3.40155240274724,2.78629956330157,2.36499264980557,1.06484411670287,3.85690245016586,2.89979342363427,2.53131626869551,58.35
3,0.019465,0.020346,0.014993,269.16,377.14,428,524.78,1,1,1,1,1,0.988192241351699,1.31333574454013,3.22514707844452,2.83083246843329,2.66122346083821,3.66055187187266,0.760592362428951,2.81426058597781,3.69325154055515,2.00294699677593,2.37830133583825,1.80541308959203,2.93841613266678,2.85129760929312,3.47641702501163,2.97215140378729,0.902365294460216,0.916232412263781,3.54710784758039,3.96490946537227,2.38592875724356,0.98656440597171,0.66896133708216,1.75412683447026,3.62532208077524,1.22141185059713,1.30977897784393,3.43802363723514,0.596192740011343,0.670576518239183,0.899373643465133,1.83358795870264,3.60482712632069,3.74281497827428,2.51898845949379,3.91867826198024,80.6
3,0.025066,0.025576,0.019857,240.21,345.72,380.59,434.84,1,1,1,1,1,3.72480091002603,0.634948729538903,3.26767691423632,1.82984381527375,2.36094773261302,1.09896070306233,3.76977736921755,3.6371994745209,2.62474115320599,2.16113998058927,1.24231709516988,1.46991296277498,2.28084144182816,2.45050043269737,0.562792652063566,3.01993939349898,3.81817228851827,3.36144947203659,0.925220747059607,1.38679741444032,1.43584883626211,1.56162263696913,2.64373453503761,0.826855878699137,0.799951216968784,2.12167602571452,1.52699000867151,3.77849745184532,3.69580369497683,1.04487987143881,3.45022883320759,1.62610244739486,2.21975811197246,2.34496735773741,0.836589026929268,3.20491675866767,166
3,0.018648,0.019569,0.02212,283.65,378.14,424.87,468.97,1,1,1,1,1,1.33674167263544,1.56187979818838,3.00161220956922,1.5577166699924,1.26568788331556,0.77439166412833,2.43339517429671,2.42302164667254,1.11077602180504,3.03892753552308,1.54427335772797,1.22076173853405,3.30111572418332,3.88330670896141,3.35634421619969,2.81323760564194,0.957935229557675,1.09191683863458,2.96921247663607,1.87187573867047,3.40228231238577,1.55694246968693,0.623349292395346,2.73336968795509,0.84326672532644,0.730261462286629,2.20737969016163,1.38837245080297,1.45620835843618,2.39619847450425,3.67981116681352,0.971339296347196,3.79381182653602,2.88004791842323,2.48510637300622,2.71466052154103,164
3,0.039149,0.039766,0.034887,452.82,703.37,776.32,650.23,1,1,1,1,1,1.32808798325134,0.579486344964685,3.71806122147118,0.60958851848923,2.37678773582824,1.28098535301573,2.76815720563724,2.10944038209811,3.01005358025575,1.89276723321247,3.71383069976547,0.82804182495565,2.41408692090618,0.553835824913865,1.57750286231282,3.85667173343518,2.48146346155189,3.53492646533683,1.77818788679508,3.34293043805432,0.929742597267263,1.1564257183603,1.73936998720744,3.9339821461354,1.34297293922939,0.908776543713168,2.8776188649823,2.9531182082245,1.77471458695296,1.50410338110959,2.42317665226143,3.55939823122302,2.82180656371777,2.73024370418168,2.7657100284238,2.13365449209158,298.805555555556
3,0.030919,0.034754,0.036536,288.55,379.85,348.97,351.31,1,1,1,1,1,3.46415262035157,3.40417742434303,0.603520980941407,2.04908069679699,0.973081786244487,2.92650212729853,3.76082955880067,3.06739286069888,1.59975432738249,1.71505184255609,1.17923413271978,3.29389736054568,3.75826066214326,2.98321187609931,1.87740701638071,3.60304530639247,3.70405579816186,3.84526661553398,3.42225365112501,3.90836373629897,0.646436809074236,3.41914576596178,3.58933571522576,2.03895335491906,1.09128706741761,2.61683086583653,3.53127419467704,3.9000825065912,2.80975403749372,3.22268753070939,2.84431233366665,2.82841583514919,2.3153921323146,1.50900460119878,0.929140965548246,1.23134411423447,258
3,0.015039,0.016052,0.018093,208.15,328.52,389.15,501.27,1,1,1,1,1,0.831745459820246,1.33552482885257,1.49759267028016,3.13337168480694,2.3302572454363,2.09084208549521,3.451620357423,2.98065626481204,1.66623304010309,0.97151495188659,1.42440878593526,1.22888874281606,0.934852202506598,3.97900300024656,1.09239611896597,2.22834719529587,2.28869758755479,3.27311178288534,2.93466194124095,3.3262475810176,1.97617475536994,1.07236950968597,3.52961285378273,1.70070507035759,1.64559414946293,2.29678722846044,1.11069120602509,0.835953293562206,3.23324871214061,3.55421253169514,3.73966510951175,1.75151469145395,3.17103077208768,3.5805821532304,0.893871524864374,3.13259078286121,91
3,0.019642,0.019311,0.015969,209.08,274.78,274.16,288.09,1,1,1,1,1,2.11339783870443,0.989442322921653,1.68850719098606,3.87232931586674,3.95889589363693,3.16911528090163,1.4968125485263,1.17141837507808,0.56067978366622,2.20211368246018,2.48924591586653,2.80027487066831,3.673825680815,1.20933730641987,2.11861957703173,2.66326022798756,2.77790732491188,1.49250838747782,2.96047127182061,2.72527216933241,1.14469343354511,3.05404613778742,3.58911000658371,1.48818333699328,1.71059475914797,0.819359701847194,3.09658114465701,1.4316925284202,2.866874210627,1.8056911274116,3.94241226307967,1.59781800443685,3.78669673944654,2.73431863562573,2.29275378060354,2.50328092327421,70
3,0.013906,0.014626,0.016568,221.46,406.12,459.27,610.01,1,1,1,1,1,2.44978934909554,0.658579851811643,3.35989915801748,2.77462034861618,1.21848705014446,1.4896123976681,3.38644697220084,1.23504164505254,3.07525422266878,2.58667496627994,2.73838344779609,1.81010605227463,1.7556605208657,2.19737343774011,2.58811813497648,2.64027584768878,1.63512323861331,0.983732294071842,1.52783674153155,3.27668762927417,3.22329307667961,0.893598131652948,1.18394747238826,1.11811528824392,3.99124721400276,3.57245657835567,1.64068251142476,3.68248185519703,2.32520257592258,2.32636517900221,2.19698260445062,1.62928667815597,3.68757265246628,1.69113602446229,0.70090579846895,0.894431731537332,77
3,0.0088577,0.009368,0.0084267,121.34,188.39,232.31,246.85,1,1,1,1,1,3.07613076862733,0.838401097890309,0.996579041105655,2.69035999603756,0.712374561739323,2.79438419110039,2.87381236365193,3.18785457579913,2.73387227139964,1.33470772841698,3.7632657620821,1.5484242592367,1.83911593490013,0.579410090970915,3.45787211688019,3.6511145924826,2.439604805796,3.0004364693344,3.36225280840166,0.651589228787909,2.42701117014926,2.43029094090799,2.15486875773574,2.12350570521038,1.17433900027918,3.45485084836822,0.790823531121001,1.13898849130835,1.85769618247566,1.76485548114347,2.26649201067785,3.74406123258154,0.721405684920727,1.96315146378083,1.7041573720921,2.7925380135295,35.2
3,0.017184,0.017649,0.021045,286.14,368.46,363.3,340.8,1,1,1,1,1,0.938310444556677,0.662804105110468,3.03917214990075,2.66581501561416,2.21317869051015,2.51838706547643,0.957882844260577,1.16573304382711,2.48915752035321,3.55757794646818,1.24406130066636,0.985368150581727,3.70711092551501,0.816655787256429,2.64397194602653,2.40507818326761,3.37889709039134,1.51628479162603,1.46563648055985,0.753902547480941,1.11282369501127,3.82858610199732,3.32594885732873,3.5562116662677,3.15749174614992,3.92825417716543,3.0655830692775,1.25773101005101,2.0324073435787,2.62723045440156,1.9838331293313,2.92388239816808,1.91213831342263,3.05725796046067,2.72538891765348,1.19467568327531,99
3,0.024898,0.026098,0.027489,281.42,440.57,455.41,451.91,1,1,1,1,1,3.58040262757304,0.970538086862684,1.8217449450217,1.83787784209842,0.98971635109254,3.23187727859121,3.09432196223541,3.38187295902928,2.41182800741594,3.81855774847648,2.2107935756383,2.28107580184683,3.47879611335878,3.25758989699746,2.33805765689437,0.613165262233252,0.611677958763151,1.43593378357063,2.38719255908662,2.07397832685507,2.8072103645863,1.02242529880064,3.26252430753784,1.31851524278141,0.851335482517598,2.43158301978236,1.3374797258507,3.24660050580293,3.21135354832138,2.54088802093097,1.11600981311689,1.16711383541532,3.84559947159643,3.85191476949587,1.4526908864537,2.38665577702861,170.333333333333
3,0.0312,0.032917,0.029514,260.99,278.11,273.52,260.08,1,1,1,1,1,0.769350174754647,1.19457955921516,3.50982745095248,3.89623964116804,1.71268839004034,1.1517511425292,1.51895412848808,0.795801784919471,2.85623490988669,1.24001239536981,2.03298716944975,1.52625702511187,0.778546119892821,3.68919382686665,2.00710440130527,2.39823141024934,3.43024969907376,1.92008810983352,2.63072101984123,0.919407103402542,1.03778652428435,1.19419462676125,1.93193332324819,1.02796463651556,1.58199217833635,0.863460270406636,3.9518484672072,0.79090604954831,2.56606750801294,1.16079494374338,1.95507143561372,1.88622953720794,3.07730559953475,1.94747917214422,3.7865255979341,3.67494783953591,219
3,0.015767,0.016804,0.017779,211.82,295.49,369.19,558.5,1,1,1,1,1,3.83174346444827,2.17314000064521,0.901149395602484,3.96878863889708,2.5938463645013,1.40490032284717,0.599580982478999,2.56347024363719,3.23314769239763,3.01262824511039,2.55458891952423,3.96561716223053,1.63995786293647,1.6455059021989,2.35290586885198,3.96305347430018,3.26503654651703,1.33622921933368,2.85106004959685,1.60208841546377,3.74576513912039,1.17329063271826,1.95934852026419,3.33263250052076,1.53662292319874,1.97939338809783,3.28158463737442,1.72668990309108,2.96729709093666,3.47470566452148,2.15613289173168,3.03270381683389,3.02114008198475,2.03205240496925,2.00001274655823,1.58234963224599,104
3,0.018041,0.017919,0.018301,329.27,484.79,542.65,590.15,1,1,1,1,1,1.57447802870817,1.36509057107776,1.92394096745581,1.09366671056455,3.87971710483538,3.16415954908081,2.58748620116504,2.05135750681532,2.45320176218429,1.6382031304569,3.40801275390106,2.61144389606757,0.894313847274885,3.84048161729972,2.20893494541957,1.8335401662814,2.94510446183931,3.30327713935411,1.48722309254558,0.646400306405079,2.34417382305979,2.55283147602653,1.96841315561343,1.89154402027359,3.66431936622424,0.532987696149569,1.75341393674285,1.94527048869593,3.95684733381026,2.05932395882698,2.0186001450901,0.555937150797837,2.64936865043538,1.73530167305034,0.581174168536261,2.90935905636216,70
3,0.019089,0.019963,0.018639,227.86,347.86,386.09,461.79,1,1,1,1,1,3.56791490194108,3.1943146435941,2.41770725614261,3.40660536608449,1.52063351465978,1.01723080495427,1.35861627311669,3.85714578225728,0.51539999818793,1.34421869550789,1.33551947236246,2.57914188003362,0.73638493209229,1.85904055854554,1.01199676049508,1.4135402254116,2.90834256989892,1.38332589037585,2.56049987427328,1.77994259365642,1.05792062132582,1.11161557725876,0.8840002542666,0.904087267025063,3.10699998802995,1.10191827952383,3.88264230431872,2.04249219878728,1.90894437571689,2.08628962945737,1.37292864146494,1.02018933270053,2.62954281102719,2.78073054969861,1.46382679267963,1.03044925708116,139
3,0.021039,0.021859,0.020194,293.79,468.1,524.58,674.87,1,1,1,1,1,2.68895891844467,1.71967031731656,3.57527067080657,3.33590063626687,2.4101725813091,0.937178214618207,2.46072783634892,2.43308180586639,3.24641025698921,3.78835832658473,1.96155101153361,1.94077310621986,2.12907414021908,3.84985401115629,2.43845455363744,2.28567687557976,2.15400787812018,3.24261788029802,1.6527968492452,0.56922322666555,2.77326106500211,2.5288062595848,2.48080873795193,0.779494349459368,0.980189063026,2.90208637708057,3.51305958587621,0.941506678175371,1.63262324328073,2.31847872664565,2.47052336979466,2.32194420641118,0.914422338484215,2.06278161507512,0.996371536496561,3.01658510342939,160
3,0.019201,0.018574,0.014841,162.61,266.61,278.79,288.13,1,1,1,1,1,2.90831028499738,1.25959593075161,0.914115674488637,1.75108880048234,2.84395332255954,2.68923780139721,1.85908754044705,2.05968624815333,1.07192462993748,2.86437758705907,1.73414174590077,2.01229736428456,0.661248990495011,3.45768103885576,3.66530612251629,3.87032092324576,3.54330062401915,1.02371342590285,2.07153110117264,3.41865243933532,2.73270120564079,1.0386791471312,3.52688343609575,2.74377617527178,3.07188764139929,1.08474176184897,3.72469897539813,0.839123233584767,2.63573312947378,3.39627975379384,0.740173334641331,2.18327086729078,2.39255816359436,3.54220462985734,0.568309627649613,0.839261395150793,107
